MD5	File
05bdb783ee6514c8c072e47680af8ff7	.gitattributes
0e595e11f939aeed7ecc33e1df093b03	.gitignore
841ffeb01e20c798cc41ddf833fd6f16	00_run_reporting_workflow.sh
1f1409dff666e6d66ad9ead57afc3b1a	01_genotype_qc_and_tagging/01_build_final_marker_panels.sh
c899d573418ebd8cf8a3fce9d62e2241	01_genotype_qc_and_tagging/02_export_imputed_matrices.R
3ff226bfec83e91e9ae6b24f3aaa15b3	01_genotype_qc_and_tagging/keep209.txt
d1502ebba44c0ea4290c5415c25401c1	02_phenotypic_analysis/01_within_environment_blues.R
163bfc7120fec0bb3c57a96065c68b8a	02_phenotypic_analysis/estimate_variance_components.R
494292226f89ce2c7a2189244ff4acbe	03_relationship_matrices/01_build_kernels.R
4e8a305358b70ee7e6805ea7a253ddb4	04_cross_validation_and_prediction/01_fit_m1_m3_exact_partitions.R
b01af735f6d0728e3fb8817f212d3fa0	04_cross_validation_and_prediction/validate_step5.R
39fbee622ef0c92aec5ca0962a150b77	05_nested_meta_gwas_m4/01_fit_m4_exact_partitions.R
f4c3f4996680b06ececd36cc460b9445	05_nested_meta_gwas_m4/03_gwas_plots_and_tables.R
198fca7cc152e2d94225edd618dff765	05_nested_meta_gwas_m4/04_make_supplementary_figure_S1.R
6729ccaf83ddf70731b601276b45a659	05_nested_meta_gwas_m4/05_refresh_completeness.R
1a8091cb66bffa4c5123dd46832fb636	05_nested_meta_gwas_m4/08_fit_top100_top1000.R
397ab91f0a0ad6e72487c411bac80973	05_nested_meta_gwas_m4/10_regenerate_fold_gwas_plots.R
4999f2c815b8db8fcad0e8d63a22a123	05_nested_meta_gwas_m4/11_redraw_fold_gwas_plots.R
16999fc3c695a905823a4a2a6ddb9be9	06_statistical_analysis/00_compile_fold_level_pa.R
c2497517625564ac06162871a5bdec66	06_statistical_analysis/01_test_models_and_panels.R
17c3c5702a7b5ac85160cf810aa15bbb	07_figures/01_make_final_pa_plots.R
567525bb2f59f27a1782a3ebb0662271	08_supplementary_tables/01_build_supplementary_tables.R
89c83be6a00847db635809a62577e197	08_supplementary_tables/02_build_table_S2_marker_composition.R
93d03f80321214a1288ef7da7f3cd5b5	09_environment/check_requirements.R
9174f23fc153b339da808d6c1fc9e1c8	09_environment/R_package_versions.csv
63753252a017c69ea7716d9b56fb8f6f	09_environment/sessionInfo.txt
df910092e69f79abf05a110116ef3195	09_environment/software_versions.txt
cf58e0979a129f7dc8d1cc9789ba8b01	CHANGELOG.md
41f1a15f8afa766a026b662722c7b03b	DATA_DICTIONARY.md
3ccc2fed70c6ec201703760a7959ab47	hpc/02_submit_array.slurm
c3790d1ee12dbd9a52a29c29a98fdcb6	hpc/04_postprocess.slurm
d2c048a0775fca8b980dc2a7a73745f3	hpc/06_refresh_completeness.slurm
b02ccb6c114394958594cd65cb9495bc	hpc/09_submit_sensitivity.slurm
a7d46cf21364e5f7093f8936107b9e80	inputs/genome_wide_genotypes_190x409128.rds
adadda57aa6c1ca23e9e3d2f772b1f20	inputs/genome_wide_marker_list.txt
39d11c3abee7acd711ad5494df8ea4df	inputs/genome_wide_marker_map.tsv
280f29d6a4af952f264939d2ff2b4dc7	inputs/haplotype_tagged_genotypes_190x9845.rds
a54fd86255882445c24aa1a4da5786fd	inputs/haplotype_tagged_marker_list.txt
0237c8d099f95488d0bb991feb0dbc93	inputs/haplotype_tagged_marker_map.tsv
468aeb8a279156a58233d5ce23e37cea	inputs/panel_validation_summary.tsv
c900f682d861f47d5fb6e67ca16cd41b	inputs/README.md
1232a56269692fb7b0c9bce43a30b6af	inputs/second_stage_BLUEs_Y.csv
0bfc9ab42433c34fdf731f58ffffc5f5	inputs/step5_base.rds
6feab48a5854e6537510fa11ff9e94a2	inputs/step5_panels.rds
f9e9ebadd2c7efa111692baad31c56c9	inputs/step5_partitions.rds
43bc78ca036885b74abbb7788d9da123	inputs/step5_partitions_cv0_cv00.rds
e2edb871c3eb9a33bf66d9d023eb0206	LICENSE
559012ef6e7d4e146932c7472f9101ea	make_manifest.R
adb15ea8b5c1a366025dc76dc1a040a3	outputs/supplementary_figures/README.md
732f8d7ecb7cfb6a990ed8362d669d9e	outputs/supplementary_figures/Supplementary_Figure_S1_page_manifest.tsv
48c58de0bf511b46a1791fb63043deda	outputs/supplementary_figures/Supplementary_Figure_S1_representative_GWAS_plots.pdf
bcc1e3fd1bd7f505be1208a2c51ae036	README.md
48bf05db2fd6966a73c393ac8ea10b40	reference_results/data/PA_fold_level_M1_M4_top100.csv
47b1065cca93e1848994c2814d0e5671	reference_results/data/PA_fold_level_M1_M4_top1000.csv
64ac6d4177b2a5897bccb82b53dbc2d0	reference_results/data/PA_fold_level_M1_M4_top500.csv
378a45ea01e4bd84462fcaa8553b6232	reference_results/gwas/GWAS_reproducibility_audit.tsv
eca921ab3e9f8153ac1f86253668a215	reference_results/gwas/m4_marker_classification_all_unique_snps.tsv
8164d6d33136d40664b091361cd3058e	reference_results/gwas/m4_marker_composition_by_trait_cv.tsv
438ac97351cb2555e9024bc32724300b	reference_results/gwas/m4_marker_composition_by_trait_cv_partition.tsv
ba14581333e7ae5f674af6259e60333e	reference_results/gwas/marker_selection_frequency_across_partitions.tsv
fe801677d2bb1002985f9f7879580265	reference_results/gwas/selected_markers_all_folds.tsv
878204c6827ebaec564c9032b37a51ef	reference_results/supplementary_tables/Supplementary_Table_S1_GWAS_results_underlying_M4.xlsx
a092e0d0d8241040fd87b7a512ca6d1a	reference_results/supplementary_tables/Supplementary_Table_S2_M4_tagged_panel_marker_composition.xlsx
4448ad8707e5b0e5ae0cfc1eff24119c	reference_results/supplementary_tables/Supplementary_Table_S3_variance_components_heritability.xlsx
650b5c7e64a832526b5841068fcdff2c	reference_results/supplementary_tables/Supplementary_Table_S4_statistical_tests_top500_markers.xlsx
9d00327869ff8e7d613d2fef54d9f5b5	reference_results/supplementary_tables/Supplementary_Table_S5_top500_markers.xlsx
96b478f2abe71340c4767366fde077f0	reference_results/supplementary_tables/Supplementary_Table_S6_top100_markers.xlsx
1d709fa22e6ec4fd73ddd0fed1d9d12a	reference_results/supplementary_tables/Supplementary_Table_S7_top1000_markers.xlsx
6982b3213ee9efb06998c616f20b3b8a	reference_results/tables/Contrasts_M4_top500_vs_M1_M3.csv
e54ffbb1beeaa31dc52b9161feba7433	reference_results/tables/Figure1_variance_components_190.csv
8df9038d5b3bafe63bcd6e55ae352114	reference_results/tables/Heritability_190.csv
1304a660a6bd22fa082967e80e99ab33	reference_results/tables/Means_M4_top1000_by_CV_trait_panel_model.csv
4fda53676f6b29dc86c928a462556d16	reference_results/tables/Means_M4_top100_by_CV_trait_panel_model.csv
3a96ac0da89376fa1f03cabf196fdcee	reference_results/tables/Means_M4_top500_by_CV_trait_panel_model.csv
879998cf54fa5e27e58fb28401f0d745	reference_results/tables/Panel_comparisons_M4_top500.csv
650b5c7e64a832526b5841068fcdff2c	reference_results/tables/Table_M4_top500_model_panel_comparison.xlsx
4948667fb106ef850a1892a4f23f2f5a	reference_results/tables/Variance_components_REML_190.csv
710b841b9c444f1e18107e914122f92d	validate_archive.R
cb4c64ed8967d7996f86e0c22a2ecd7f	verification/correlation_aware_reranking_check.R
d5a6be1e495ed13bf7c4ae61aa55f371	verification/correlation_aware_reranking_DTF/environment_phenotypic_correlation.csv
2c0465c04b80bf0fe8e3cdb863c570f4	verification/correlation_aware_reranking_DTF/naive_vs_correlation_aware_ranking.csv
cb51b478ba4a94763286e3a27d0bfd80	verification/correlation_aware_reranking_DTF/raw_env_gwas_results.rds
25aa039cd76cd4d58849ed13ee1ef8d7	verification/correlation_aware_reranking_DTF/summary.txt
7acaa6afe3bf3a1e5b9a7e76ab45035f	verification/environment_qq_and_correlation_check.R
fed79d948e98f92e4c215b137058fa02	verification/environment_qq_DTF/combined_statistic_summary.csv
6cc397264d575fb73af8714e2738b3a3	verification/environment_qq_DTF/environment_qq_summary.csv
51e3f95d80e19f91777c0879a762cdd7	verification/environment_qq_DTF/Supplementary_Figure_S2_environment_QQ_DTF.pdf
b93a4d9bb8d6c4886fc6192721724a9f	verification/environment_qq_DTF/Supplementary_Figure_S2_environment_QQ_DTF.png
4ae85da0f93a9e9d3b54ba9e0701e6e1	verification/environment_rank_correlations.R
e0a3259754d365280af238248a1e0ae6	verification/m1_m3_test_DTF_CV1_partition1/p1/DTF/CV1/fold_1/M1.csv
38c0d4fc86614c5b767546b0cfba15c4	verification/m1_m3_test_DTF_CV1_partition1/p1/DTF/CV1/fold_1/M2_chr.csv
a9f6a22d1fa68a2d41fca79fcf2376a2	verification/m1_m3_test_DTF_CV1_partition1/p1/DTF/CV1/fold_1/M2_tags.csv
fd0d751f6b4f39cf94c3065a2d14f9d1	verification/m1_m3_test_DTF_CV1_partition1/p1/DTF/CV1/fold_1/M3_chr.csv
209329d63835b1dc69e27aa447937109	verification/m1_m3_test_DTF_CV1_partition1/p1/DTF/CV1/fold_1/M3_tags.csv
2d0f556dc19c70798b2dd80c4c8887a0	verification/m1_m3_test_DTF_CV1_partition1/p1/DTF/CV1/fold_2/M1.csv
b2e7f03ad48a7c3fa12ffeefd8ab0675	verification/m1_m3_test_DTF_CV1_partition1/p1/DTF/CV1/fold_2/M2_chr.csv
b0d7d81f83fecde9ea14e94f3cd97070	verification/m1_m3_test_DTF_CV1_partition1/p1/DTF/CV1/fold_2/M2_tags.csv
a5590a58235d4acd2fce8e0e51ce0719	verification/m1_m3_test_DTF_CV1_partition1/p1/DTF/CV1/fold_2/M3_chr.csv
3293d0219d5e4de68a28b10e551d6262	verification/m1_m3_test_DTF_CV1_partition1/p1/DTF/CV1/fold_2/M3_tags.csv
0e300181c34c5181c8f9bfa6867689d5	verification/m1_m3_test_DTF_CV1_partition1/p1/DTF/CV1/fold_3/M1.csv
9fda4c1726e0814c958b6da72c43605a	verification/m1_m3_test_DTF_CV1_partition1/p1/DTF/CV1/fold_3/M2_chr.csv
cec3c3beca543d79faa682bc038e67a8	verification/m1_m3_test_DTF_CV1_partition1/p1/DTF/CV1/fold_3/M2_tags.csv
11698d46acaac014e6df20900aa96505	verification/m1_m3_test_DTF_CV1_partition1/p1/DTF/CV1/fold_3/M3_chr.csv
ed41f5de0fbd8904c575d848be1db3c2	verification/m1_m3_test_DTF_CV1_partition1/p1/DTF/CV1/fold_3/M3_tags.csv
79204d5125060f97783b8c766451a163	verification/m1_m3_test_DTF_CV1_partition1/p1/DTF/CV1/fold_4/M1.csv
1080a9d4146f746e40e838ae8a92b776	verification/m1_m3_test_DTF_CV1_partition1/p1/DTF/CV1/fold_4/M2_chr.csv
a1b7b290854b121260f846bd89e5dfb7	verification/m1_m3_test_DTF_CV1_partition1/p1/DTF/CV1/fold_4/M2_tags.csv
33b82f7cb10b5c648ce8bd5da59dbd60	verification/m1_m3_test_DTF_CV1_partition1/p1/DTF/CV1/fold_4/M3_chr.csv
10e25ea8d84a4943e147a181a51b68a9	verification/m1_m3_test_DTF_CV1_partition1/p1/DTF/CV1/fold_4/M3_tags.csv
12e5332f2a4b6453bb7ed589cf2afbbb	verification/m1_m3_test_DTF_CV1_partition1/p1/DTF/CV1/fold_5/M1.csv
413fb1b793ae17999b039be0cb981359	verification/m1_m3_test_DTF_CV1_partition1/p1/DTF/CV1/fold_5/M2_chr.csv
1681a53c735f1a24330e3bd2dcb6fc87	verification/m1_m3_test_DTF_CV1_partition1/p1/DTF/CV1/fold_5/M2_tags.csv
a7fa3d883a7e1a8d3dced9e15e8810ea	verification/m1_m3_test_DTF_CV1_partition1/p1/DTF/CV1/fold_5/M3_chr.csv
2903a087ad0ca668c6f7f0ece23ca97c	verification/m1_m3_test_DTF_CV1_partition1/p1/DTF/CV1/fold_5/M3_tags.csv
81b58f7aea44a6de6bfc3b381da908ae	verification/m4_gwas_test_DTF_CV1_partition1/gapit_blink_progress.log
5dd5f69821e7a55d2f63d37c083bc58a	verification/README.md
ad0da711479d3c3f1f9b668237d0099e	verification/run_single_environment_gwas_for_qq.R
f731c32d65210d61838b8e6faf21df11	verification/second_stage_BLUEs_Y_190_verification.csv
efe7707830874e525d988f2b7516f75a	verification/single_env_gwas_DTF_2015.Amlaha/single_environment_gwas_full_results.csv
70f778b4d43e709117f623935cb4435b	verification/single_env_gwas_DTF_2015.Amlaha/single_environment_qq_plot.png
6c530fb28ef608b02e607ded74ccff20	verification/single_env_gwas_DTF_2015.Amlaha/summary.txt
4a53f51ad49859551a5bc79b51423f1c	verification/taxa_190_verification.txt
8df9038d5b3bafe63bcd6e55ae352114	verification/variance_components_190_verification.csv
ff9ad99861d9df133dcd562d5e090d5c	verification/variance_components_209_verification.csv
