Page	Trait	CV	Repetition	Fold	Source_file
1	DTF	CV1	1	1	S1_page01_DTF_CV1_partition01_fold1.png
2	DTF	CV2	1	1	S1_page02_DTF_CV2_partition01_fold1.png
3	DTF	CV0	1	1	S1_page03_DTF_CV0_partition01_fold1.png
4	DTF	CV00	1	1	S1_page04_DTF_CV00_partition01_fold1.png
5	DTM	CV1	1	1	S1_page05_DTM_CV1_partition01_fold1.png
6	DTM	CV2	1	1	S1_page06_DTM_CV2_partition01_fold1.png
7	DTM	CV0	1	1	S1_page07_DTM_CV0_partition01_fold1.png
8	DTM	CV00	1	1	S1_page08_DTM_CV00_partition01_fold1.png
9	HSW	CV1	1	1	S1_page09_HSW_CV1_partition01_fold1.png
10	HSW	CV2	1	1	S1_page10_HSW_CV2_partition01_fold1.png
11	HSW	CV0	1	1	S1_page11_HSW_CV0_partition01_fold1.png
12	HSW	CV00	1	1	S1_page12_HSW_CV00_partition01_fold1.png
13	PH	CV1	1	1	S1_page13_PH_CV1_partition01_fold1.png
14	PH	CV2	1	1	S1_page14_PH_CV2_partition01_fold1.png
15	PH	CV0	1	1	S1_page15_PH_CV0_partition01_fold1.png
16	PH	CV00	1	1	S1_page16_PH_CV00_partition01_fold1.png
17	PPP	CV1	1	1	S1_page17_PPP_CV1_partition01_fold1.png
18	PPP	CV2	1	1	S1_page18_PPP_CV2_partition01_fold1.png
19	PPP	CV0	1	1	S1_page19_PPP_CV0_partition01_fold1.png
20	PPP	CV00	1	1	S1_page20_PPP_CV00_partition01_fold1.png
21	YPP	CV1	1	1	S1_page21_YPPlnt_CV1_partition01_fold1.png
22	YPP	CV2	1	1	S1_page22_YPPlnt_CV2_partition01_fold1.png
23	YPP	CV0	1	1	S1_page23_YPPlnt_CV0_partition01_fold1.png
24	YPP	CV00	1	1	S1_page24_YPPlnt_CV00_partition01_fold1.png
