"contrast","estimate","SE","df","t.ratio","p.value","Trait","CV","Panel"
"M4 - M1",-0.00105815394021064,0.0018211675548332,147,-0.581030524842376,0.937649604634132,"DTF","CV0","genome-wide"
"M4 - M2",-0.00514715394020939,0.0018211675548332,146.999999999993,-2.8262934547397,0.0272254438546446,"DTF","CV0","genome-wide"
"M4 - M3",-0.00325815394020935,0.0018211675548332,147,-1.78904677472566,0.282716068461648,"DTF","CV0","genome-wide"
"M4 - M1",-0.0017814504393769,0.0007440582958433,146.999999999987,-2.39423503417543,0.0826421865534439,"DTF","CV0","haplotype-tagged"
"M4 - M2",-0.00251145043937683,0.0007440582958433,146.999999999981,-3.37534095568467,0.00516550421439366,"DTF","CV0","haplotype-tagged"
"M4 - M3",-0.00103745043937678,0.0007440582958433,146.999999999987,-1.3943133826644,0.504918275001362,"DTF","CV0","haplotype-tagged"
"M4 - M1",0.459921792860643,0.0197101212620532,147,23.3342954488111,2.22044604925031e-15,"DTF","CV00","genome-wide"
"M4 - M2",0.0139447928606443,0.0197101212620532,147,0.707494016665001,0.893994613218012,"DTF","CV00","genome-wide"
"M4 - M3",0.0129157928606442,0.0197101212620532,147,0.655287336334671,0.913543914524044,"DTF","CV00","genome-wide"
"M4 - M1",0.263750059617791,0.0219517640389244,146.999999999997,12.0149824474295,6.10622663543836e-15,"DTF","CV00","haplotype-tagged"
"M4 - M2",-0.0609799403822098,0.0219517640389244,146.999999999998,-2.77790615251154,0.0311096605300013,"DTF","CV00","haplotype-tagged"
"M4 - M3",-0.0226979403822098,0.0219517640389244,146.999999999998,-1.03399163465689,0.729794339881364,"DTF","CV00","haplotype-tagged"
"M4 - M1",0.438787836578626,0.0149012737184613,146.999999999997,29.4463308888157,2.22044604925031e-15,"DTF","CV1","genome-wide"
"M4 - M2",0.00348783657862595,0.0149012737184613,146.999999999998,0.234062983106258,0.99546657178552,"DTF","CV1","genome-wide"
"M4 - M3",0.0050969476897369,0.0149012737184613,146.999999999998,0.342047786386357,0.986182522178917,"DTF","CV1","genome-wide"
"M4 - M1",0.294620753179545,0.0171563580659606,147.000000000004,17.1726861870582,2.22044604925031e-15,"DTF","CV1","haplotype-tagged"
"M4 - M2",0.000391197623988648,0.0171563580659606,147.000000000006,0.0228019036723658,0.999995721043266,"DTF","CV1","haplotype-tagged"
"M4 - M3",0.0272727531795443,0.0171563580659606,147.000000000006,1.5896586603456,0.38767316483031,"DTF","CV1","haplotype-tagged"
"M4 - M1",0.00834484764322283,0.00196473012402315,147.000000000003,4.24732513701942,0.000221904935548523,"DTF","CV2","genome-wide"
"M4 - M2",-0.0010191523567778,0.00196473012402315,147.000000000004,-0.518723841160887,0.954487131114105,"DTF","CV2","genome-wide"
"M4 - M3",0.00767995875433328,0.00196473012402315,147.000000000003,3.90891281221216,0.000806107981644377,"DTF","CV2","genome-wide"
"M4 - M1",0.00293403918038834,0.00109714868452602,147.000000000003,2.67424025728644,0.041088902157193,"DTF","CV2","haplotype-tagged"
"M4 - M2",0.00111137251372035,0.00109714868452602,147.000000000003,1.01296435879197,0.742114367810219,"DTF","CV2","haplotype-tagged"
"M4 - M3",-0.00127596081961322,0.00109714868452602,147.000000000001,-1.16297894497722,0.65109436879399,"DTF","CV2","haplotype-tagged"
"M4 - M1",-0.00094947598240175,0.00190872685474535,146.999999999998,-0.497439421487272,0.959536940159038,"DTM","CV0","genome-wide"
"M4 - M2",-0.00937747598240179,0.00190872685474535,146.999999999997,-4.91294810417117,1.39859293238898e-05,"DTM","CV0","genome-wide"
"M4 - M3",-0.00686947598240174,0.00190872685474535,146.999999999997,-3.59898325175406,0.00243738949671457,"DTM","CV0","genome-wide"
"M4 - M1",-0.0179242861374596,0.001623732140394,147.000000000004,-11.0389427489624,2.32036612146658e-14,"DTM","CV0","haplotype-tagged"
"M4 - M2",-0.0191232861374598,0.001623732140394,147.000000000004,-11.7773650356022,9.2148511043888e-15,"DTM","CV0","haplotype-tagged"
"M4 - M3",-0.0161722861374597,0.001623732140394,147.000000000004,-9.95994704738395,3.74145159298678e-14,"DTM","CV0","haplotype-tagged"
"M4 - M1",0.314457175962629,0.0217784844278519,147,14.438891604435,2.22044604925031e-15,"DTM","CV00","genome-wide"
"M4 - M2",-0.0308748240373715,0.0217784844278519,146.999999999998,-1.41767551087653,0.490376459791308,"DTM","CV00","genome-wide"
"M4 - M3",-0.0277078240373716,0.0217784844278519,146.999999999998,-1.27225676006806,0.582019766796619,"DTM","CV00","genome-wide"
"M4 - M1",0.166474689784937,0.0238581008219067,147,6.97770082487363,5.71178215835744e-10,"DTM","CV00","haplotype-tagged"
"M4 - M2",-0.0884103102150632,0.0238581008219067,147,-3.7056725878987,0.00167940954193935,"DTM","CV00","haplotype-tagged"
"M4 - M3",-0.0434973102150632,0.0238581008219067,147,-1.82316734008952,0.26662315100116,"DTM","CV00","haplotype-tagged"
"M4 - M1",0.30082815357295,0.011512146352104,147.000000000001,26.1313698047253,2.22044604925031e-15,"DTM","CV1","genome-wide"
"M4 - M2",-0.0396229575381619,0.011512146352104,147.000000000001,-3.44183928229163,0.00414938693102562,"DTM","CV1","genome-wide"
"M4 - M3",-0.0229685130937174,0.011512146352104,147.000000000001,-1.99515471669795,0.194503715764946,"DTM","CV1","genome-wide"
"M4 - M1",0.143340654500344,0.0149560240686856,147,9.58414173727266,3.97459842815806e-14,"DTM","CV1","haplotype-tagged"
"M4 - M2",-0.0914417899441006,0.0149560240686856,147.000000000001,-6.11404404834826,4.98567379603188e-08,"DTM","CV1","haplotype-tagged"
"M4 - M3",-0.0570960121663228,0.0149560240686856,147.000000000001,-3.81759295813574,0.00112541603880789,"DTM","CV1","haplotype-tagged"
"M4 - M1",0.00698337667039008,0.00273105555258898,147,2.55702476054359,0.0555765834327228,"DTM","CV2","genome-wide"
"M4 - M2",-0.00617106777405382,0.00273105555258898,147.000000000001,-2.25959071693133,0.112413795506153,"DTM","CV2","genome-wide"
"M4 - M3",0.00198826555927944,0.00273105555258898,147,0.728020913889727,0.885734347646755,"DTM","CV2","genome-wide"
"M4 - M1",0.00375059370100344,0.00201409785911313,147.000000000001,1.86217054153215,0.248943185129158,"DTM","CV2","haplotype-tagged"
"M4 - M2",0.000714815923225628,0.00201409785911313,147,0.354906252440179,0.98461717712142,"DTM","CV2","haplotype-tagged"
"M4 - M3",-0.00558696185455197,0.00201409785911313,147.000000000001,-2.77392770627942,0.0314495716114874,"DTM","CV2","haplotype-tagged"
"M4 - M1",0.00169399239875617,0.000685902963682349,147.000000000003,2.46972602314148,0.0689827542147663,"HSW","CV0","genome-wide"
"M4 - M2",-0.00249900760124575,0.000685902963682348,146.999999999987,-3.64338358859035,0.00208966594606896,"HSW","CV0","genome-wide"
"M4 - M3",-0.00239700760124549,0.000685902963682349,147.000000000003,-3.49467450669243,0.00347752197951701,"HSW","CV0","genome-wide"
"M4 - M1",-0.000292820677876051,0.000414222345924275,146.999999999995,-0.706916661443423,0.894222322809458,"HSW","CV0","haplotype-tagged"
"M4 - M2",-0.00193282067787564,0.000414222345924274,146.999999999936,-4.66614294688241,4.029387321558e-05,"HSW","CV0","haplotype-tagged"
"M4 - M3",-0.00163182067787602,0.000414222345924275,146.999999999995,-3.93948007376294,0.000719908891019472,"HSW","CV0","haplotype-tagged"
"M4 - M1",0.643949190130193,0.0212984645450678,147.000000000003,30.2345358637281,2.22044604925031e-15,"HSW","CV00","genome-wide"
"M4 - M2",0.000626190130192827,0.0212984645450678,147.000000000001,0.0294007170736558,0.999990828484572,"HSW","CV00","genome-wide"
"M4 - M3",0.00222619013019276,0.0212984645450678,147.000000000001,0.104523503348428,0.999589476391149,"HSW","CV00","genome-wide"
"M4 - M1",0.458593784334535,0.0240595498697575,147.000000000001,19.0607798906072,2.22044604925031e-15,"HSW","CV00","haplotype-tagged"
"M4 - M2",-0.105672215665464,0.0240595498697575,147,-4.39211108426814,0.000124673988965873,"HSW","CV00","haplotype-tagged"
"M4 - M3",-0.106310215665464,0.0240595498697575,147,-4.4186286211071,0.000112007417649607,"HSW","CV00","haplotype-tagged"
"M4 - M1",0.543929694939556,0.0163977911041001,146.999999999998,33.170912562946,2.22044604925031e-15,"HSW","CV1","genome-wide"
"M4 - M2",-0.000188082838222137,0.0163977911041001,147,-0.0114700106269258,0.999999455270903,"HSW","CV1","genome-wide"
"M4 - M3",0.00623347271733343,0.0163977911041001,147,0.380141000562864,0.981229168719757,"HSW","CV1","genome-wide"
"M4 - M1",0.376985130019606,0.0174749236754349,147,21.5729199750124,2.22044604925031e-15,"HSW","CV1","haplotype-tagged"
"M4 - M2",-0.0823179810915045,0.0174749236754349,147,-4.71063465686101,3.33895150195218e-05,"HSW","CV1","haplotype-tagged"
"M4 - M3",-0.0762270922026154,0.0174749236754349,147,-4.36208441412368,0.000140674020201348,"HSW","CV1","haplotype-tagged"
"M4 - M1",-0.000444422261151941,0.00106647087599411,147,-0.416722360784275,0.975542422825384,"HSW","CV2","genome-wide"
"M4 - M2",-0.00581242226115208,0.00106647087599411,146.999999999997,-5.45014626464507,1.23491038561685e-06,"HSW","CV2","genome-wide"
"M4 - M3",-0.000803533372263274,0.00106647087599411,146.999999999998,-0.753450835227223,0.875063459001381,"HSW","CV2","genome-wide"
"M4 - M1",0.00103045537136694,0.000595224435754644,147,1.73120475146572,0.311300158185497,"HSW","CV2","haplotype-tagged"
"M4 - M2",-0.00119910018418935,0.000595224435754644,147.000000000001,-2.01453453884011,0.187325673705538,"HSW","CV2","haplotype-tagged"
"M4 - M3",-0.001151989073078,0.000595224435754644,147,-1.93538605587903,0.217849191159323,"HSW","CV2","haplotype-tagged"
"M4 - M1",0.00241815265183874,0.0014254534695567,147.00000000001,1.69640939075391,0.329259054645649,"PH","CV0","genome-wide"
"M4 - M2",-0.00627784734816238,0.0014254534695567,146.999999999989,-4.40410541784623,0.000118783294380087,"PH","CV0","genome-wide"
"M4 - M3",-0.00482584734816236,0.0014254534695567,147.000000000012,-3.385482200035,0.00499699061638059,"PH","CV0","genome-wide"
"M4 - M1",-0.00857235949883666,0.00139215651802368,146.999999999993,-6.15761186896288,4.00920567855678e-08,"PH","CV0","haplotype-tagged"
"M4 - M2",-0.0130903594988357,0.00139215651802368,147.000000000028,-9.40293661622102,4.10782519111308e-14,"PH","CV0","haplotype-tagged"
"M4 - M3",-0.0102573594988356,0.00139215651802368,146.999999999993,-7.36796428134176,6.91877666270102e-11,"PH","CV0","haplotype-tagged"
"M4 - M1",0.442807460825191,0.0216225355866455,147,20.4789793986362,2.22044604925031e-15,"PH","CV00","genome-wide"
"M4 - M2",0.00478546082519093,0.0216225355866455,147,0.221318207849154,0.996159037759847,"PH","CV00","genome-wide"
"M4 - M3",0.00728846082519113,0.0216225355866455,147,0.337077064620147,0.986759288632042,"PH","CV00","genome-wide"
"M4 - M1",0.341801822393325,0.0219798478837651,147.000000000003,15.550690987529,2.22044604925031e-15,"PH","CV00","haplotype-tagged"
"M4 - M2",-0.0936351776066752,0.0219798478837651,147.000000000003,-4.26004666191693,0.000211065441225511,"PH","CV00","haplotype-tagged"
"M4 - M3",-0.0834281776066751,0.0219798478837651,147.000000000003,-3.79566674200223,0.0012181482670095,"PH","CV00","haplotype-tagged"
"M4 - M1",0.459044009192333,0.0152455674501798,147,30.1099982465342,2.22044604925031e-15,"PH","CV1","genome-wide"
"M4 - M2",0.0285920091923332,0.0152455674501798,146.999999999998,1.8754309595735,0.243108170923176,"PH","CV1","genome-wide"
"M4 - M3",0.0221684536367776,0.0152455674501798,147,1.45409173579276,0.467934582270325,"PH","CV1","genome-wide"
"M4 - M1",0.355619490556793,0.0154710623635149,147.000000000001,22.9861067198232,2.22044604925031e-15,"PH","CV1","haplotype-tagged"
"M4 - M2",-0.0734380649987628,0.0154710623635149,147.000000000001,-4.74680169165049,2.86322998417354e-05,"PH","CV1","haplotype-tagged"
"M4 - M3",-0.0656058427765404,0.0154710623635149,147.000000000003,-4.24055189197979,0.000227891003853897,"PH","CV1","haplotype-tagged"
"M4 - M1",0.0177934519658499,0.00197704242310861,147,9.00003548627565,4.66293670342566e-14,"PH","CV2","genome-wide"
"M4 - M2",0.00703989641029459,0.00197704242310861,147,3.56082212905951,0.00277864848942888,"PH","CV2","genome-wide"
"M4 - M3",0.00497300752140575,0.00197704242310861,147,2.51537724394726,0.0616705100152808,"PH","CV2","genome-wide"
"M4 - M1",0.00201156394217726,0.00163964762998848,147.000000000001,1.22682697512965,0.6108542130443,"PH","CV2","haplotype-tagged"
"M4 - M2",-0.00381243605782345,0.00163964762998847,147.000000000001,-2.32515571522538,0.0970010335733313,"PH","CV2","haplotype-tagged"
"M4 - M3",-0.00817576939115675,0.00163964762998847,147.000000000001,-4.98629659301506,1.01394359994789e-05,"PH","CV2","haplotype-tagged"
"M4 - M1",-0.0224099311863607,0.00314982127711283,147.000000000001,-7.11466753659813,2.73875588874262e-10,"PPP","CV0","genome-wide"
"M4 - M2",-0.0561749311863608,0.00314982127711283,147.000000000001,-17.8343233613088,2.22044604925031e-15,"PPP","CV0","genome-wide"
"M4 - M3",-0.0353679311863608,0.00314982127711283,147.000000000001,-11.2285517414434,1.90958360235527e-14,"PPP","CV0","genome-wide"
"M4 - M1",-0.0159644313881084,0.00251788711670738,146.999999999998,-6.34040790874889,1.59183942693986e-08,"PPP","CV0","haplotype-tagged"
"M4 - M2",-0.0266584313881083,0.00251788711670738,146.999999999998,-10.5876197591294,3.1863400806742e-14,"PPP","CV0","haplotype-tagged"
"M4 - M3",-0.00717343138810829,0.00251788711670738,146.999999999998,-2.84898847947121,0.025555184567874,"PPP","CV0","haplotype-tagged"
"M4 - M1",0.162504798236808,0.0239638133536095,147.000000000003,6.78125788408093,1.61996882575011e-09,"PPP","CV00","genome-wide"
"M4 - M2",-0.0541902017631919,0.0239638133536095,147.000000000003,-2.2613346617069,0.111980259549085,"PPP","CV00","genome-wide"
"M4 - M3",-0.0439902017631919,0.0239638133536095,147.000000000003,-1.83569288886011,0.26086158388337,"PPP","CV00","genome-wide"
"M4 - M1",0.0975103925285674,0.0252353634170818,147.000000000001,3.86403757762263,0.000950493812606812,"PPP","CV00","haplotype-tagged"
"M4 - M2",-0.0871656074714326,0.0252353634170818,147.000000000001,-3.45410549595772,0.00398348128114867,"PPP","CV00","haplotype-tagged"
"M4 - M3",-0.0216996074714326,0.0252353634170818,147,-0.859888843793873,0.825439004980188,"PPP","CV00","haplotype-tagged"
"M4 - M1",0.157253175640619,0.00934464088505247,147.000000000001,16.8281668150735,2.22044604925031e-15,"PPP","CV1","genome-wide"
"M4 - M2",-0.0250952688038259,0.00934464088505247,147,-2.68552522376412,0.0398830999481053,"PPP","CV1","genome-wide"
"M4 - M3",-0.00791437991493688,0.00934464088505247,147,-0.846943185114431,0.831879280725096,"PPP","CV1","genome-wide"
"M4 - M1",0.136096137982345,0.010401791809595,147,13.0839128943923,2.44249065417534e-15,"PPP","CV1","haplotype-tagged"
"M4 - M2",-0.016646750906544,0.010401791809595,147,-1.60037339828206,0.381598730208492,"PPP","CV1","haplotype-tagged"
"M4 - M3",0.0304736935379004,0.010401791809595,147.000000000001,2.92965809119447,0.0203262983681484,"PPP","CV1","haplotype-tagged"
"M4 - M1",0.0249833107004199,0.00371895924571636,147,6.71782319991718,2.26134000413936e-09,"PPP","CV2","genome-wide"
"M4 - M2",-0.0212446892995802,0.00371895924571636,147,-5.71253619518703,3.56478225049806e-07,"PPP","CV2","genome-wide"
"M4 - M3",-0.0139582448551357,0.00371895924571636,147,-3.75326642022586,0.00141821787759233,"PPP","CV2","genome-wide"
"M4 - M1",0.0200232826907228,0.00311129612846705,147.000000000001,6.43567242202317,9.7804772059007e-09,"PPP","CV2","haplotype-tagged"
"M4 - M2",0.00524839380183389,0.00311129612846705,147.000000000001,1.68688340329077,0.334272425326421,"PPP","CV2","haplotype-tagged"
"M4 - M3",-0.00324960619816611,0.00311129612846705,147.000000000001,-1.04445416443443,0.723600727087009,"PPP","CV2","haplotype-tagged"
"M4 - M1",0.0178752093821627,0.00270113152085871,147.000000000001,6.6176745723511,3.8167173865844e-09,"YPPlnt","CV0","genome-wide"
"M4 - M2",0.000281209382162865,0.00270113152085871,147.000000000001,0.104107993258124,0.999594339349036,"YPPlnt","CV0","genome-wide"
"M4 - M3",0.00903420938216291,0.00270113152085871,147.000000000001,3.34460181312862,0.00570879643131939,"YPPlnt","CV0","genome-wide"
"M4 - M1",0.00894814116952727,0.00282878563065412,147,3.16324470562944,0.0101315268495211,"YPPlnt","CV0","haplotype-tagged"
"M4 - M2",0.00386014116952714,0.00282878563065412,147,1.36459303515146,0.5235511853772,"YPPlnt","CV0","haplotype-tagged"
"M4 - M3",0.0084481411695271,0.00282878563065412,147,2.98649041411229,0.0172366510997016,"YPPlnt","CV0","haplotype-tagged"
"M4 - M1",0.0967583500031754,0.0224281242302884,147.000000000001,4.31415257957715,0.00017036113308655,"YPPlnt","CV00","genome-wide"
"M4 - M2",-0.0178946499968247,0.0224281242302884,147,-0.797866545284185,0.855299815500348,"YPPlnt","CV00","genome-wide"
"M4 - M3",-0.00965664999682471,0.0224281242302884,147,-0.430559858580761,0.973143087202356,"YPPlnt","CV00","genome-wide"
"M4 - M1",0.0829552933256167,0.0253522059186243,147.000000000001,3.27211342444469,0.00720429831019997,"YPPlnt","CV00","haplotype-tagged"
"M4 - M2",-0.0194977066743833,0.0253522059186243,147,-0.76907337913581,0.868272614218705,"YPPlnt","CV00","haplotype-tagged"
"M4 - M3",0.0284772933256167,0.0253522059186243,147,1.12326688324572,0.675792564454625,"YPPlnt","CV00","haplotype-tagged"
"M4 - M1",0.118458549069639,0.00896899341397833,147,13.207563391118,2.33146835171283e-15,"YPPlnt","CV1","genome-wide"
"M4 - M2",-0.0189281175970281,0.00896899341397833,147,-2.11039485964259,0.15459374633025,"YPPlnt","CV1","genome-wide"
"M4 - M3",-0.00353522870813915,0.00896899341397833,147,-0.394161144396587,0.979160341740805,"YPPlnt","CV1","genome-wide"
"M4 - M1",0.082340457023724,0.0113649407784923,147.000000000001,7.24512856059485,1.35181754679081e-10,"YPPlnt","CV1","haplotype-tagged"
"M4 - M2",-0.0309928763096094,0.0113649407784923,147.000000000001,-2.72706008008964,0.0357041691931627,"YPPlnt","CV1","haplotype-tagged"
"M4 - M3",0.00266334591261286,0.0113649407784923,147.000000000001,0.23434753990563,0.995450248371733,"YPPlnt","CV1","haplotype-tagged"
"M4 - M1",0.0209250403040372,0.00367930076164375,147,5.68723289005838,4.02471515781322e-07,"YPPlnt","CV2","genome-wide"
"M4 - M2",-0.00357918191818522,0.00367930076164375,147,-0.97278862209302,0.765134136259059,"YPPlnt","CV2","genome-wide"
"M4 - M3",0.00670681808181488,0.00367930076164375,147,1.82285127427815,0.26676955689927,"YPPlnt","CV2","genome-wide"
"M4 - M1",0.00923136250092904,0.00310367248582172,146.999999999997,2.97433525705434,0.0178597483677336,"YPPlnt","CV2","haplotype-tagged"
"M4 - M2",0.00257114027870669,0.00310367248582172,146.999999999998,0.828418684784635,0.840907766935054,"YPPlnt","CV2","haplotype-tagged"
"M4 - M3",0.0098869180564845,0.00310367248582172,146.999999999998,3.18555456532549,0.00945567950745385,"YPPlnt","CV2","haplotype-tagged"
