Trait,Component,variance,percent
DTF,Line,31.2399580769072,37.43
DTF,L × Y,0.57639685864415,0.69
DTF,L × S,15.640582188833,18.74
DTF,Residual,36.0121631270699,43.14
PH,Line,22.9368102245425,39
PH,L × Y,8.85286944420538e-06,0
PH,L × S,2.4572305278912,4.18
PH,Residual,33.4161696226807,56.82
DTM,Line,23.9223828723829,28.34
DTM,L × Y,9.93822573791881e-06,0
DTM,L × S,8.38831638168523,9.94
DTM,Residual,52.0980876103717,61.72
PPP,Line,39.1540140593344,7.14
PPP,L × Y,9.63174104993398e-05,0
PPP,L × S,20.6823112131833,3.77
PPP,Residual,488.393671260307,89.09
HSW,Line,25.5518330803473,59.28
HSW,L × Y,1.79594950254072e-06,0
HSW,L × S,9.82676196739815,22.8
HSW,Residual,7.72214146222155,17.92
YPP,Line,1.90352608438277,3.26
YPP,L × Y,0.271126135925312,0.46
YPP,L × S,2.76888912187672,4.74
YPP,Residual,53.5286915045225,91.55
