"CV","Trait","Panel","Model","PA","SD","N"
"CV0","DTF","genome-wide","M1",0.612463,0.0986562718767147,50
"CV0","DTF","genome-wide","M2",0.616552,0.102517421097935,50
"CV0","DTF","genome-wide","M3",0.614663,0.101037184410857,50
"CV0","DTF","genome-wide","M4",0.611404846059791,0.0952078549303329,50
"CV0","DTF","haplotype-tagged","M1",0.612463,0.0986562718767147,50
"CV0","DTF","haplotype-tagged","M2",0.613193,0.0992277266479198,50
"CV0","DTF","haplotype-tagged","M3",0.611719,0.0984886463414097,50
"CV0","DTF","haplotype-tagged","M4",0.610681549560623,0.0957041103204723,50
"CV0","DTM","genome-wide","M1",0.483168,0.100090123042248,50
"CV0","DTM","genome-wide","M2",0.491596,0.107441574460024,50
"CV0","DTM","genome-wide","M3",0.489088,0.105043140097927,50
"CV0","DTM","genome-wide","M4",0.482218524017598,0.100059574110244,50
"CV0","DTM","haplotype-tagged","M1",0.483168,0.100090123042248,50
"CV0","DTM","haplotype-tagged","M2",0.484367,0.101753995864977,50
"CV0","DTM","haplotype-tagged","M3",0.481416,0.0993855512637526,50
"CV0","DTM","haplotype-tagged","M4",0.46524371386254,0.0909541732706714,50
"CV0","HSW","genome-wide","M1",0.746145,0.0625386421359153,50
"CV0","HSW","genome-wide","M2",0.750338,0.0667330239515211,50
"CV0","HSW","genome-wide","M3",0.750236,0.0659672112739754,50
"CV0","HSW","genome-wide","M4",0.747838992398755,0.0642406178297848,50
"CV0","HSW","haplotype-tagged","M1",0.746145,0.0625386421359153,50
"CV0","HSW","haplotype-tagged","M2",0.747785,0.064315127596508,50
"CV0","HSW","haplotype-tagged","M3",0.747484,0.0641258181632175,50
"CV0","HSW","haplotype-tagged","M4",0.745852179322124,0.0623806519529143,50
"CV0","PH","genome-wide","M1",0.570633,0.163404837065892,50
"CV0","PH","genome-wide","M2",0.579329,0.171359101426906,50
"CV0","PH","genome-wide","M3",0.577877,0.169843316513443,50
"CV0","PH","genome-wide","M4",0.573051152651837,0.164298747030581,50
"CV0","PH","haplotype-tagged","M1",0.570633,0.163404837065892,50
"CV0","PH","haplotype-tagged","M2",0.575151,0.167122541649985,50
"CV0","PH","haplotype-tagged","M3",0.572318,0.164814512549529,50
"CV0","PH","haplotype-tagged","M4",0.562060640501164,0.160954948135928,50
"CV0","PPP","genome-wide","M1",0.156074,0.0772116844018006,50
"CV0","PPP","genome-wide","M2",0.189839,0.0982215250786482,50
"CV0","PPP","genome-wide","M3",0.169032,0.0837993209996358,50
"CV0","PPP","genome-wide","M4",0.133664068813639,0.0704124847462913,50
"CV0","PPP","haplotype-tagged","M1",0.156074,0.0772116844018006,50
"CV0","PPP","haplotype-tagged","M2",0.166768,0.0841578750604712,50
"CV0","PPP","haplotype-tagged","M3",0.147283,0.0748220559878229,50
"CV0","PPP","haplotype-tagged","M4",0.140109568611892,0.0679513081821321,50
"CV0","YPPlnt","genome-wide","M1",0.122698,0.049843732293836,50
"CV0","YPPlnt","genome-wide","M2",0.140292,0.050481217319324,50
"CV0","YPPlnt","genome-wide","M3",0.131539,0.0494298237764553,50
"CV0","YPPlnt","genome-wide","M4",0.140573209382163,0.0624272416390528,50
"CV0","YPPlnt","haplotype-tagged","M1",0.122698,0.049843732293836,50
"CV0","YPPlnt","haplotype-tagged","M2",0.127786,0.0518345002121647,50
"CV0","YPPlnt","haplotype-tagged","M3",0.123198,0.049597593917941,50
"CV0","YPPlnt","haplotype-tagged","M4",0.131646141169527,0.055380040306231,50
"CV00","DTF","genome-wide","M1",-0.014777,0.131059811166739,50
"CV00","DTF","genome-wide","M2",0.4312,0.126789804360587,50
"CV00","DTF","genome-wide","M3",0.432229,0.132766467939701,50
"CV00","DTF","genome-wide","M4",0.445144792860644,0.145968583582116,50
"CV00","DTF","haplotype-tagged","M1",-0.014777,0.131059811166739,50
"CV00","DTF","haplotype-tagged","M2",0.309953,0.134548353879312,50
"CV00","DTF","haplotype-tagged","M3",0.271671,0.121008798840988,50
"CV00","DTF","haplotype-tagged","M4",0.24897305961779,0.135771569997924,50
"CV00","DTM","genome-wide","M1",-0.01961,0.13246492373609,50
"CV00","DTM","genome-wide","M2",0.325722,0.138067616590642,50
"CV00","DTM","genome-wide","M3",0.322555,0.136766842133402,50
"CV00","DTM","genome-wide","M4",0.294847175962628,0.151412829514236,50
"CV00","DTM","haplotype-tagged","M1",-0.01961,0.13246492373609,50
"CV00","DTM","haplotype-tagged","M2",0.235275,0.132522666621101,50
"CV00","DTM","haplotype-tagged","M3",0.190362,0.126848014295109,50
"CV00","DTM","haplotype-tagged","M4",0.146864689784937,0.130050228513179,50
"CV00","HSW","genome-wide","M1",-0.051965,0.159105103001194,50
"CV00","HSW","genome-wide","M2",0.591358,0.131310170021291,50
"CV00","HSW","genome-wide","M3",0.589758,0.130200843033103,50
"CV00","HSW","genome-wide","M4",0.591984190130193,0.133625178455532,50
"CV00","HSW","haplotype-tagged","M1",-0.051965,0.159105103001194,50
"CV00","HSW","haplotype-tagged","M2",0.512301,0.141370628278281,50
"CV00","HSW","haplotype-tagged","M3",0.512939,0.148561357931355,50
"CV00","HSW","haplotype-tagged","M4",0.406628784334536,0.132619892917697,50
"CV00","PH","genome-wide","M1",-0.020591,0.139113495615073,50
"CV00","PH","genome-wide","M2",0.417431,0.195363187916396,50
"CV00","PH","genome-wide","M3",0.414928,0.195684767628021,50
"CV00","PH","genome-wide","M4",0.422216460825191,0.196347841629259,50
"CV00","PH","haplotype-tagged","M1",-0.020591,0.139113495615073,50
"CV00","PH","haplotype-tagged","M2",0.414846,0.175447212492614,50
"CV00","PH","haplotype-tagged","M3",0.404639,0.164450065397323,50
"CV00","PH","haplotype-tagged","M4",0.321210822393325,0.176112279195258,50
"CV00","PPP","genome-wide","M1",0.000635999999999997,0.159772681644892,50
"CV00","PPP","genome-wide","M2",0.217331,0.131281545826098,50
"CV00","PPP","genome-wide","M3",0.207131,0.132938208712598,50
"CV00","PPP","genome-wide","M4",0.163140798236808,0.124794596190777,50
"CV00","PPP","haplotype-tagged","M1",0.000635999999999997,0.159772681644892,50
"CV00","PPP","haplotype-tagged","M2",0.185312,0.131724363791694,50
"CV00","PPP","haplotype-tagged","M3",0.119846,0.127844355242408,50
"CV00","PPP","haplotype-tagged","M4",0.0981463925285674,0.114901254572434,50
"CV00","YPPlnt","genome-wide","M1",0.004731,0.155319993551824,50
"CV00","YPPlnt","genome-wide","M2",0.119384,0.107220580589926,50
"CV00","YPPlnt","genome-wide","M3",0.111146,0.122405651230085,50
"CV00","YPPlnt","genome-wide","M4",0.101489350003175,0.124396604951457,50
"CV00","YPPlnt","haplotype-tagged","M1",0.004731,0.155319993551824,50
"CV00","YPPlnt","haplotype-tagged","M2",0.107184,0.135587726116597,50
"CV00","YPPlnt","haplotype-tagged","M3",0.059209,0.129339525379948,50
"CV00","YPPlnt","haplotype-tagged","M4",0.0876862933256167,0.138069531364525,50
"CV1","DTF","genome-wide","M1",-0.003852,0.122457286642534,50
"CV1","DTF","genome-wide","M2",0.431448,0.0721802483799096,50
"CV1","DTF","genome-wide","M3",0.429838888888889,0.0648244216322806,50
"CV1","DTF","genome-wide","M4",0.434935836578626,0.0574879578462177,50
"CV1","DTF","haplotype-tagged","M1",-0.003852,0.122457286642534,50
"CV1","DTF","haplotype-tagged","M2",0.290377555555556,0.0795328742256312,50
"CV1","DTF","haplotype-tagged","M3",0.263496,0.0728590055009679,50
"CV1","DTF","haplotype-tagged","M4",0.290768753179544,0.0967936875603143,50
"CV1","DTM","genome-wide","M1",0.0183353333333333,0.0916507503997017,50
"CV1","DTM","genome-wide","M2",0.358786444444444,0.0699194891097583,50
"CV1","DTM","genome-wide","M3",0.342132,0.0760838591541224,50
"CV1","DTM","genome-wide","M4",0.319163486906283,0.0634803512794659,50
"CV1","DTM","haplotype-tagged","M1",0.0183353333333333,0.0916507503997017,50
"CV1","DTM","haplotype-tagged","M2",0.253117777777778,0.066862670711645,50
"CV1","DTM","haplotype-tagged","M3",0.218772,0.0641736354056644,50
"CV1","DTM","haplotype-tagged","M4",0.161675987833677,0.0855640044998027,50
"CV1","HSW","genome-wide","M1",0.0346304444444444,0.132255103684288,50
"CV1","HSW","genome-wide","M2",0.578748222222222,0.0843122625695807,50
"CV1","HSW","genome-wide","M3",0.572326666666667,0.082760492221919,50
"CV1","HSW","genome-wide","M4",0.578560139384,0.0790213724427245,50
"CV1","HSW","haplotype-tagged","M1",0.0346304444444444,0.132255103684288,50
"CV1","HSW","haplotype-tagged","M2",0.493933555555556,0.110243039908532,50
"CV1","HSW","haplotype-tagged","M3",0.487842666666667,0.0963988387987299,50
"CV1","HSW","haplotype-tagged","M4",0.411615574464051,0.105615116576843,50
"CV1","PH","genome-wide","M1",-0.028794,0.10805916569898,50
"CV1","PH","genome-wide","M2",0.401658,0.10734367098309,50
"CV1","PH","genome-wide","M3",0.408081555555556,0.103509217966962,50
"CV1","PH","genome-wide","M4",0.430250009192333,0.0988019833981819,50
"CV1","PH","haplotype-tagged","M1",-0.028794,0.10805916569898,50
"CV1","PH","haplotype-tagged","M2",0.400263555555556,0.0914475996248556,50
"CV1","PH","haplotype-tagged","M3",0.392431333333333,0.0897759794640956,50
"CV1","PH","haplotype-tagged","M4",0.326825490556793,0.0863010773927364,50
"CV1","PPP","genome-wide","M1",0.0118415555555556,0.0635208450562817,50
"CV1","PPP","genome-wide","M2",0.19419,0.0533706606549448,50
"CV1","PPP","genome-wide","M3",0.177009111111111,0.0531209442927153,50
"CV1","PPP","genome-wide","M4",0.169094731196174,0.0549657828253553,50
"CV1","PPP","haplotype-tagged","M1",0.0118415555555556,0.0635208450562817,50
"CV1","PPP","haplotype-tagged","M2",0.164584444444444,0.0576234836719922,50
"CV1","PPP","haplotype-tagged","M3",0.117464,0.0490380053022262,50
"CV1","PPP","haplotype-tagged","M4",0.1479376935379,0.0616018922645632,50
"CV1","YPPlnt","genome-wide","M1",-0.0109013333333333,0.0602480365153559,50
"CV1","YPPlnt","genome-wide","M2",0.126485333333333,0.0455713315109569,50
"CV1","YPPlnt","genome-wide","M3",0.111092444444444,0.0505933091416916,50
"CV1","YPPlnt","genome-wide","M4",0.107557215736305,0.0519606412034888,50
"CV1","YPPlnt","haplotype-tagged","M1",-0.0109013333333333,0.0602480365153559,50
"CV1","YPPlnt","haplotype-tagged","M2",0.102432,0.0657759086744923,50
"CV1","YPPlnt","haplotype-tagged","M3",0.0687757777777778,0.0526061923864468,50
"CV1","YPPlnt","haplotype-tagged","M4",0.0714391236903906,0.0584555648367021,50
"CV2","DTF","genome-wide","M1",0.596458666666667,0.0362456096360461,50
"CV2","DTF","genome-wide","M2",0.605822666666667,0.0373882576328229,50
"CV2","DTF","genome-wide","M3",0.597123555555556,0.0352472541107559,50
"CV2","DTF","genome-wide","M4",0.604803514309889,0.036494956459098,50
"CV2","DTF","haplotype-tagged","M1",0.596458666666667,0.0362456096360461,50
"CV2","DTF","haplotype-tagged","M2",0.598281333333333,0.0363990506965495,50
"CV2","DTF","haplotype-tagged","M3",0.600668666666667,0.0387479766254626,50
"CV2","DTF","haplotype-tagged","M4",0.599392705847054,0.0394536409308188,50
"CV2","DTM","genome-wide","M1",0.475950888888889,0.0367851130301371,50
"CV2","DTM","genome-wide","M2",0.489105333333333,0.0357626364236583,50
"CV2","DTM","genome-wide","M3",0.480946,0.0334242027481955,50
"CV2","DTM","genome-wide","M4",0.48293426555928,0.0339685108992375,50
"CV2","DTM","haplotype-tagged","M1",0.475950888888889,0.0367851130301371,50
"CV2","DTM","haplotype-tagged","M2",0.478986666666667,0.0360149282477328,50
"CV2","DTM","haplotype-tagged","M3",0.485288444444444,0.0341663043293288,50
"CV2","DTM","haplotype-tagged","M4",0.479701482589893,0.0351905217399013,50
"CV2","HSW","genome-wide","M1",0.742154666666667,0.0325980006899134,50
"CV2","HSW","genome-wide","M2",0.747522666666667,0.0340448782676041,50
"CV2","HSW","genome-wide","M3",0.742513777777778,0.0333975373784931,50
"CV2","HSW","genome-wide","M4",0.741710244405515,0.0335448713129595,50
"CV2","HSW","haplotype-tagged","M1",0.742154666666667,0.0325980006899134,50
"CV2","HSW","haplotype-tagged","M2",0.744384222222222,0.0330541281034802,50
"CV2","HSW","haplotype-tagged","M3",0.744337111111111,0.0323801101361052,50
"CV2","HSW","haplotype-tagged","M4",0.743185122038033,0.0319211433454024,50
"CV2","PH","genome-wide","M1",0.557836666666667,0.046482133112247,50
"CV2","PH","genome-wide","M2",0.568590222222222,0.0462172099933746,50
"CV2","PH","genome-wide","M3",0.570657111111111,0.0452961931032817,50
"CV2","PH","genome-wide","M4",0.575630118632517,0.044457342095992,50
"CV2","PH","haplotype-tagged","M1",0.557836666666667,0.046482133112247,50
"CV2","PH","haplotype-tagged","M2",0.563660666666667,0.0457832956964373,50
"CV2","PH","haplotype-tagged","M3",0.568024,0.045910111675358,50
"CV2","PH","haplotype-tagged","M4",0.559848230608843,0.0477225125367066,50
"CV2","PPP","genome-wide","M1",0.140767777777778,0.0465761653086117,50
"CV2","PPP","genome-wide","M2",0.186995777777778,0.0428544991477362,50
"CV2","PPP","genome-wide","M3",0.179709333333333,0.0462426466060254,50
"CV2","PPP","genome-wide","M4",0.165751088478198,0.0434937196492082,50
"CV2","PPP","haplotype-tagged","M1",0.140767777777778,0.0465761653086117,50
"CV2","PPP","haplotype-tagged","M2",0.155542666666667,0.0447295474830655,50
"CV2","PPP","haplotype-tagged","M3",0.164040666666667,0.0405345846199877,50
"CV2","PPP","haplotype-tagged","M4",0.160791060468501,0.0459763209181727,50
"CV2","YPPlnt","genome-wide","M1",0.111825555555556,0.0553107376867435,50
"CV2","YPPlnt","genome-wide","M2",0.136329777777778,0.0530544012382888,50
"CV2","YPPlnt","genome-wide","M3",0.126043777777778,0.0530118699377393,50
"CV2","YPPlnt","genome-wide","M4",0.132750595859593,0.0535847749861517,50
"CV2","YPPlnt","haplotype-tagged","M1",0.111825555555556,0.0553107376867435,50
"CV2","YPPlnt","haplotype-tagged","M2",0.118485777777778,0.0542575130516481,50
"CV2","YPPlnt","haplotype-tagged","M3",0.11117,0.0574971207775418,50
"CV2","YPPlnt","haplotype-tagged","M4",0.121056918056484,0.0597686569481713,50
