"trait","term","component","std.error","z.ratio","bound","pct_of_total","n_obs","n_lines","logLik","converged"
"DTF","Genotype",31.2399580769072,4.06423089415198,7.68656085013732,"P",37.4269735540404,1703,190,-4340.32573742185,TRUE
"DTF","Genotype:year",0.57639685864415,1.04599285989152,0.551052383573563,"P",0.690551182303068,1703,190,-4340.32573742185,TRUE
"DTF","Genotype:location",15.640582188833,2.16785044049067,7.21478838978065,"P",18.7381703429354,1703,190,-4340.32573742185,TRUE
"DTF","units!R",36.0121631270699,2.09192110363027,17.2148763471888,"P",43.1443049207212,1703,190,-4340.32573742185,TRUE
"PH","Genotype",22.9368102245425,2.81562708608629,8.14625286774912,"P",39.0014023508833,1699,190,-4067.12610994151,TRUE
"PH","Genotype:year",8.85286944420538e-06,NA,NA,"B",1.50532842087976e-05,1699,190,-4067.12610994151,TRUE
"PH","Genotype:location",2.4572305278912,1.50504198302481,1.63266576986291,"P",4.17823732022745,1699,190,-4067.12610994151,TRUE
"PH","units!R",33.4161696226807,1.74710082665238,19.1266406110685,"P",56.8203452756051,1699,190,-4067.12610994151,TRUE
"DTM","Genotype",23.9223828723829,3.267958447258,7.3202836751046,"P",28.341101613271,1707,190,-4483.17601021611,TRUE
"DTM","Genotype:year",9.93822573791881e-06,NA,NA,"B",1.17739218119088e-05,1707,190,-4483.17601021611,TRUE
"DTM","Genotype:location",8.38831638168523,2.35569258408482,3.56087056450282,"P",9.937727700699,1707,190,-4483.17601021611,TRUE
"DTM","units!R",52.0980876103717,2.60762203914961,19.9791560387953,"P",61.7211589121082,1707,190,-4483.17601021611,TRUE
"PPP","Genotype",39.1540140593344,12.5506342277511,3.11968410112372,"P",7.141894356031,1671,190,-6080.71209661868,TRUE
"PPP","Genotype:year",9.63174104993398e-05,NA,NA,"B",1.75687930588757e-05,1671,190,-6080.71209661868,TRUE
"PPP","Genotype:location",20.6823112131833,21.1325809031891,0.978693104639302,"P",3.77256036888754,1671,190,-6080.71209661868,TRUE
"PPP","units!R",488.393671260307,28.057488206987,17.406892151475,"P",89.0855277062884,1671,190,-6080.71209661868,TRUE
"HSW","Genotype",25.5518330803473,2.93523134687321,8.70521947360869,"P",59.2839800074603,1665,190,-3305.35360391491,TRUE
"HSW","Genotype:year",1.79594950254072e-06,NA,NA,"B",4.16686482211415e-06,1665,190,-3305.35360391491,TRUE
"HSW","Genotype:location",9.82676196739815,0.793154017890561,12.3894751154801,"P",22.7995211999633,1665,190,-3305.35360391491,TRUE
"HSW","units!R",7.72214146222155,0.411073920762555,18.7852867141188,"P",17.9164946257116,1665,190,-3305.35360391491,TRUE
"YPPlnt","Genotype",1.90352608438277,1.26174834619978,1.50864163215742,"P",3.25543594234398,1669,190,-4225.4130154463,TRUE
"YPPlnt","Genotype:year",0.271126135925312,1.47479347892669,0.183840069677166,"P",0.463683568636937,1669,190,-4225.4130154463,TRUE
"YPPlnt","Genotype:location",2.76888912187672,2.35890885280394,1.17380080988947,"P",4.7353914620222,1669,190,-4225.4130154463,TRUE
"YPPlnt","units!R",53.5286915045225,3.09149860433916,17.3148037102106,"P",91.5454890269969,1669,190,-4225.4130154463,TRUE
